<hackpackage>
  <name>Hide Force Completion</name>
  <identifier>hide_force_completio</identifier>
  <description>Hide Force Completion</description>
  <developerName>Chris Bray</developerName>
  <developerInstitution>University of Arkansas</developerInstitution>
  <developerEmail>cbray@uark.edu</developerEmail>
  <hook>tag.learningSystemPage.start</hook>
  <restrictions>
    <restriction>
      <type>URL</type>
      <value>(.*/webapps/assessment/WEB-INF/jsp/content/modifyOptions.jsp)</value>
      <inverse>false</inverse>
    </restriction>
  </restrictions>
  <resources/>
  <priority>0</priority>
</hackpackage>